name,lastname,age,email,city,registered_date
Leocadia,Infante,49,burgospili@hotmail.com,Tarragona,2024-07-19
Bartolomé,Duque,38,matilde99@reguera.es,Asturias,2022-08-25
Flora,Prieto,20,jose-angelrivas@barral.es,Guipúzcoa,2025-06-16
Guiomar,Gascón,28,martintecla@rodenas-ayala.net,Lugo,2024-02-21
Eric,Amaya,47,ksola@juarez-cabo.es,Castellón,2022-09-02
Adelaida,Cuéllar,62,guillenbernardino@burgos-guijarro.es,Murcia,2025-08-10
Clarisa,Arenas,35,juan-bautista71@hotmail.com,Badajoz,2025-08-02
Miguela,Bas,64,eleuteriogarcia@yahoo.com,La Rioja,2023-05-30
Alma,Mercader,43,rcarrasco@hotmail.com,Ourense,2022-01-08
Esteban,Coll,29,balduinonadal@silva.org,Tarragona,2022-03-11
Daniela,Rueda,37,fontleocadia@hotmail.com,Sevilla,2024-04-17
Ciriaco,Calzada,33,elianasantiago@gmail.com,Burgos,2023-11-26
Loida,Aliaga,37,paulinopuga@castell.net,Álava,2022-06-26
Adora,Osuna,50,xavierosorio@gmail.com,Lugo,2023-04-06
Micaela,Fabra,53,ceciliasanmartin@penas.com,Ávila,2025-04-21
Macario,Terrón,65,wsalmeron@gmail.com,Barcelona,2024-10-17
Celestino,Arnal,52,guadalupesamper@rosello.com,Málaga,2025-01-05
Arturo,Font,31,abellateodoro@hotmail.com,Soria,2023-10-19
Lucio,Malo,52,amadorarce@amaya.com,Guipúzcoa,2023-12-02
Amor,Cañas,50,wbriones@yahoo.com,Almería,2022-04-21
Chita,Martin,23,constanza43@rincon.es,Guipúzcoa,2023-12-10
Catalina,Ortuño,26,jose-franciscocueto@gmail.com,Girona,2023-02-25
Borja,Santiago,61,americocodina@hotmail.com,Santa Cruz de Tenerife,2021-12-22
Eva María,Pi,29,sanjuanmartin@hotmail.com,Jaén,2022-08-28
Nicanor,Seguí,32,rodolfo76@tejedor-arnau.net,Valencia,2021-12-04
Dora,Hurtado,41,guillermo46@quintanilla-alsina.es,Cáceres,2024-06-21
Maricruz,Gilabert,35,romanbarrera@sala.com,Teruel,2024-11-24
Emilia,Llanos,18,verdejomanola@gmail.com,Lleida,2024-09-08
Rita,Rios,44,socorroaguila@yahoo.com,Ciudad,2025-10-26
Sebastian,López,40,cbenet@gmail.com,Lleida,2023-11-17
Elena,Mora,51,encarnitasuarez@jara-rodriguez.com,León,2021-11-05
Adora,Capdevila,25,ybru@alcolea.es,Valencia,2023-08-21
Albano,Gonzalo,26,manucozar@fiol.com,Sevilla,2024-01-28
Ciriaco,Pazos,39,clementinabertran@torrijos.com,Vizcaya,2023-03-31
León,Gomila,45,irma71@julian-manuel.es,Castellón,2023-09-23
Marta,Plana,64,gpedrosa@yahoo.com,Navarra,2024-03-01
Visitación,Casal,56,reynaldo01@gmail.com,Granada,2022-06-30
Trinidad,Cabanillas,58,danielaolmo@hotmail.com,Almería,2025-08-25
Nazario,Quintero,24,lloretluis-angel@badia.es,Huesca,2023-06-01
Gabino,Ochoa,27,adolfo05@yahoo.com,Teruel,2024-03-10
Samanta,Benet,33,crescencia99@gmail.com,Madrid,2022-07-31
Griselda,Méndez,32,ytorre@ayala-anton.net,Guadalajara,2022-03-02
Francisco Jose,Lopez,27,selena99@hotmail.com,La Coruña,2025-01-05
Seve,Milla,34,aliagamatilde@galvan.com,Girona,2025-08-28
Tatiana,Teruel,52,borja99@hotmail.com,Melilla,2021-12-26
Marisol,Marín,18,ktejedor@ballester-almansa.net,Burgos,2022-10-30
Cristina,Monreal,46,ferrandezileana@vinas.com,Tarragona,2025-04-11
Leticia,Moliner,63,roviracustodia@carreno.org,Alicante,2025-02-27
Delia,Perea,46,cmanso@aroca.es,Navarra,2025-03-03
Priscila,Larrea,25,vabril@villa.net,Barcelona,2025-03-19
Roldán,Morera,33,gloriabadia@gmail.com,Guipúzcoa,2024-06-23
Octavia,Tena,57,tamaragomez@yahoo.com,Girona,2022-11-16
Ambrosio,Arribas,48,nereidaelorza@campo-gonzalo.org,Navarra,2023-03-01
Marco,Duque,22,florencia60@yahoo.com,Lugo,2025-07-20
Alejo,Goñi,54,obduliamoya@jimenez.com,Baleares,2023-03-14
Toni,Guillen,18,humberto58@yahoo.com,Valladolid,2025-08-17
Prudencia,Contreras,50,rcobos@salgado-quiros.com,Alicante,2021-12-23
Adelia,Robledo,28,galasantamaria@manrique.org,Ceuta,2024-09-09
Marianela,Plaza,18,planda@herrera-mascaro.com,Ceuta,2023-12-25
Juanito,Gisbert,44,tnino@hernandez.es,Alicante,2024-03-05
Montserrat,Ayala,23,loida69@echeverria.es,Soria,2024-07-31
Chelo,Lluch,52,febecastejon@hotmail.com,La Coruña,2022-11-16
Reyes,Prado,50,jvergara@yahoo.com,Guadalajara,2023-04-22
Antonio,Segura,38,gironavicenta@yahoo.com,Guadalajara,2022-12-20
Matilde,Orozco,44,rtaboada@gmail.com,Madrid,2025-09-13
Ruperto,Borja,22,ernestoalcazar@huguet-machado.org,Ceuta,2022-11-25
Natividad,Pina,51,edmundo42@pellicer-bilbao.es,Barcelona,2024-08-26
Manuelita,Fernández,53,velazquezhaydee@cabanas.es,Castellón,2025-05-13
Isidora,Márquez,36,loreto72@castejon.com,La Coruña,2022-08-14
Luís,Carbonell,65,calistallamas@yahoo.com,Vizcaya,2025-01-24
Isaías,Escribano,22,figueroaursula@verdugo-alfaro.es,Jaén,2025-01-22
Graciano,Agullo,62,renata10@gmail.com,Huesca,2023-07-31
Cipriano,Gual,43,juan-manuelmoran@borras.com,Zamora,2023-07-26
Alexandra,Cuenca,49,trinidad82@yahoo.com,Alicante,2022-12-21
Iker,Batlle,42,georginanavarro@hotmail.com,Palencia,2023-08-12
Lázaro,Barrio,56,bbaron@gmail.com,León,2025-10-18
Adora,Escobar,45,emorante@borrego-raya.com,Melilla,2025-08-20
Maxi,Saavedra,22,edmundoprada@gascon.com,Zaragoza,2025-01-16
Concepción,Botella,23,pio23@pizarro-arco.es,Guadalajara,2024-01-12
Olimpia,Vicente,49,inigocortina@merino.es,Albacete,2025-08-21
Florencia,Morante,63,dafneluna@azorin.com,Lleida,2022-11-17
Florencia,Marin,24,gonzalofidela@yahoo.com,Tarragona,2023-07-26
Josefina,Blazquez,26,dsoria@murcia-pedrero.es,Cádiz,2022-02-28
José Manuel,Roman,52,abigaillobato@vicente.com,La Rioja,2025-01-15
Cándida,Araujo,30,isidoragomis@gascon.com,Ourense,2024-12-17
Ignacio,Llorente,24,expositonadia@gmail.com,Álava,2023-03-17
Ruth,Duran,18,maytebravo@galiano-herrero.es,Santa Cruz de Tenerife,2022-05-08
María Teresa,Pomares,39,brurosalva@grande.es,Girona,2023-10-29
Roxana,Tomas,48,yjover@gmail.com,Cádiz,2024-03-31
Lalo,Cañizares,63,jagullo@jaume.com,Ourense,2022-03-19
Chus,Grau,39,yolanda22@lopez.es,Navarra,2025-05-20
Calista,Uriarte,54,graciela33@yahoo.com,Navarra,2022-11-11
Plinio,Bustos,30,ymoya@yahoo.com,Lleida,2022-02-04
Eugenio,Montoya,34,zaragozacosme@hotmail.com,Girona,2023-01-25
Jose Luis,Ramis,59,hilda00@hotmail.com,Santa Cruz de Tenerife,2022-04-16
Nicodemo,Tolosa,62,jose-carlos16@grau-verdu.es,Huelva,2023-08-05
Malena,Nogués,59,aasenjo@yahoo.com,Córdoba,2023-04-08
Jordán,Benítez,61,gallegoadrian@castro.es,Jaén,2022-11-15
Malena,Merino,19,lgordillo@yahoo.com,Badajoz,2023-12-07
Joel,Patiño,43,fcaceres@hotmail.com,Ciudad,2025-05-07
